field,alias,table,comment,formula,fullname,matchCount,matches
actual_capital,实际资本, insurance_indicato,实际资本,,实际资本,0,
compensation_rate,退保率, insurance_indicato,寿险业务退保率,,退保率(寿险业务),0,
comprehensive_compensation_rate,综台赔付率, insurance_indicato,产险业务综台赔付率,,综台赔付率（产险业务）,0,
comprehensive_cost_ratio,综台成本率, insurance_indicato,产险业务综台成本率,,综台成本率（产险业务）,0,
earned_premium,己赚保费, insurance_indicato,己赚保费,,己赚保费,0,
earned_premium_growth_rate,己赚保费增长率, insurance_indicato,己赚保费增长率,,己赚保费增长率,0,
investment_assets,投资资产, insurance_indicato,投资资产,,投资资产,0,
minimum_capital,最低资本, insurance_indicato,最低资本,,最低资本,0,
net_investment_rate_of_return,净投资收益率, insurance_indicato,净投资收益率,,净投资收益率,0,
not_expired_duty_reserve,未到期责任准备金, insurance_indicato,产险业务未到期责任准备金,,未到期责任准备金（产险业务）,0,
outstanding_claims_reserve,未决赔款准备金, insurance_indicato,产险业务未决赔款准备金,,未决赔款准备金（产险业务）,0,
payoff_cost,赔付支出, insurance_indicato,赔付支出,,赔付支出,0,
solvency_adequacy_ratio,偿付能力充足率, insurance_indicato,偿付能力充足率,,偿付能力充足率,0,
total_investment_rate_of_return,总投资收益率, insurance_indicato,总投资收益率,,总投资收益率,0,
account_receivable,应收账款,balance,应收账款是指企业在正常的经营过程中因销售商品、产品、提供劳务等业务，应向购买单位收取的款项，包括应由购买单位或接受劳务单位负担的税金、代购买方垫付的各种运杂费等。,,应收账款(元),1,应收账款(万元) balance
accounts_payable,应付账款,balance,应付账款是指因购买材料、商品或接受劳务供应等而发生的债务，这是买卖双方在购销活动中由于取得物资与支付贷款在时间上不一致而产生的负债。,,应付账款(元),1,应付账款(万元) balance
accrued_expenses,预提费用,balance,,,预提费用(万元),1,预提费用(万元) balance
accumulated_depreciation,累计折旧,balance,,,累计折旧(万元),1,累计折旧(万元) balance
advance_payment,预付款项,balance,预付款项，包括预付货款和预付工程款等，通常属于流动资产。预付账款与应收账款都属于公司的债权，但两者产生的原因不同，应收账款是公司应收的销货款，通常是用货币清偿的，而预付账款是预付给供货单位的购货款或预付给施工单位的工程价款和材料款，通常是用商品、劳务或完工工程来清偿的。,,预付款项(元),1,预付款项(万元) balance
advance_peceipts,预收账款,balance,预收款项是在企业销售交易成立以前，预先收取的部分货款。,,预收款项(元),1,预收账款(万元) balance
bill_receivable,应收票据,balance,应收票据是指企业持有的还没有到期、尚未兑现的票据。应收票据是企业未来收取货款的权利，这种权利和将来应收取的货款金额以书面文件形式约定下来，因此它受到法律的保护，具有法律上的约束力。是一种债权凭证。根据我国现行法律的规定，商业汇票的期限不得超过6个月，因而我国的商业汇票是一种流动资产。在我国应收票据、应付票据通常是指“商业汇票”，包括“银行承兑汇票”和“商业承兑汇票”两种，是远期票据，付款期一般在1个月以上，6个月以内。其他的银行票据(支票、本票、汇票}等，都是作为货币资金来核算的，而不作为应收应付票据,,应收票据(元),1,应收票据(万元) balance
biological_assets,生产性生物资产,balance,生产性生物资产是指为产出农产品、提供劳务或出租等目的而持有的生物资产，包括经济林、薪炭林、产畜和役畜等。,,生产性生物资产(元),1,生产性生物资产(万元) balance
bonds_payable,应付债券,balance,应付债券是指企业为筹集资金而对外发行的期限在一年以上的长期借款性质的书面证明，约定在一定期限内还本付息的一种书面承诺。,,应付债券(元),1,应付债券(万元) balance
borrowing_capital,拆入资金,balance,拆入资金，是指信托投资公司向银行或其他金融机构借入的资金。拆入资金应按实际借入的金额入账。,,拆入资金(元),1,拆入资金(万元) balance
borrowing_from_centralbank,向中央银行借款,balance,向中央银行借款的形式有两种，一种是直接借款，也称再贷款;另一种为间接借款，即所谓的再贴现。,,向中央银行借款(元),1,向中央银行借款(万元) balance
bought_sellback_assets,买入返售金融资产,balance,指公司按返售协议约定先买入再按固定价格返售的证券等金融资产所融出的资金。,,买入返售金融资产(元),1,买入返售金融资产(万元) balance
capital_reserve_fund,资本公积,balance,资本公积金是在公司的生产经营之外，由资本、资产本身及其他原因形成的股东权益收入。股份公司的资本公积金，主要来源于的股票发行的溢价收入、接受的赠与、资产增值、因合并而接受其他公司资产净额等。其中，股票发行溢价是上市公司最常见、是最主要的资本公积金来源。,,资本公积金(元),1,资本公积(万元) balance
cash_dividend_distribution,拟分配现金股利,balance,,,拟分配现金股利(万元),1,拟分配现金股利(万元) balance
cash_equivalents,货币资金,balance,货币资金是指在企业生产经营过程中处于货币形态的那部分资金，按其形态和用途不同可分为包括库存现金、银行存款和其他货币资金。它是企业中最活跃的资金，流动性强，是企业的重要支付手段和流通手段，因而是流动资产的审查重点。货币资金：又称为货币资产，是指在企业生产经营过程中处于货币形态的资产。是指可以立即投入流通，用以购买商品或劳务或用以偿还债务的交换媒介物。,,货币资金(元),1,货币资金(万元) balance
commission_payable,应付手续费及佣金,balance,是会计科目的一种，用以核算企业因购买材料、商品和接受劳务供应等经营活动应支付的款项。通常是指因购买材料、商品或接受劳务供应等而发生的债务，这是买卖双方在购销活动中由于取得物资与支付贷款在时间上不一致而产生的负债。,,应付手续费及佣金(元),1,应付手续费及佣金(万元) balance
constru_in_process,在建工程,balance,在建工程是指企业固定资产的新建、改建、扩建，或技术改造、设备更新和大修理工程等尚未完工的工程支出。在建工程通常有”自营”和”出包”两种方式。自营在建工程指企业自行购买工程用料、自行施工并进行管理的工程；出包在建工程是指企业通过签订合同，由其它工程队或单位承包建造的工程。,,在建工程(元),1,在建工程(万元) balance
construction_materials,工程物资,balance,工程物资是指用于固定资产建造的建筑材料（如钢材、水泥、玻璃等），企业（民用航空运输）的高价周转件（例如飞机的引擎）等。买回来要再次加工建设的资产。在资产负债表中列示为非流动资产。,,工程物资(元),1,工程物资(万元) balance
current_loss_suspenses,待处理流动资产损益,balance,,,待处理流动资产损益(万元),1,待处理流动资产损益(万元) balance
deferred_income,递延收益,balance,,,递延收益(万元),1,递延收益(万元) balance
deferred_tax_assets,递延所得税资产,balance,指对于可抵扣暂时性差异，以未来期间很可能取得用来抵扣可抵扣暂时性差异的应纳税所得额为限确认的一项资产。而对于所有应纳税暂时性差异均应确认为一项递延所得税负债，但某些特殊情况除外。递延所得税资产和递延所得税负债是和暂时性差异相对应的，可抵减暂时性差异是将来可用来抵税的部分，是应该收回的资产，所以对应递延所得税资产递延所得税负债是由应纳税暂时性差异产生的，对于影响利润的暂时性差异，确认的递延所得税负债应该调整“所得税费用”。例如会计折旧小于税法折旧，导致资产的账面价值大于计税基础，如果产品已经对外销售了，就会影响利润，所以递延所得税负债应该调整当期的所得税费用。如果暂时性差异不影响利润，而是直接计入所有者权益的，则确认的递延所得税负债应该调整资本公积。例如可供出售金融资产是按照公允价值来计量的，公允价值产升高了，会计上调增了可供出售金融资产的账面价值，并确认的资本公积，因为不影响利润，所以确认的递延所得税负债不能调整所得税费用，而应该调整资本公积。,,递延所得税资产(元),1,递延得税资产(万元) balance
deferred_tax_liability,递延所得税负债,balance,递延所得税负债是指根据应纳税暂时性差异计算的未来期间应付所得税的金额；递延所得税资产和递延所得税负债是和暂时性差异相对应的，可抵减暂时性差异是将来可用来抵税的部分，是应该收回的资产，所以对应递延所得税资产；递延所得税负债是由应纳税暂时性差异产生的，对于影响利润的暂时性差异，确认的递延所得税负债应该调整“所得税费用”。,,递延所得税负债(元),1,递延得税负债(万元) balance
deposit_in_interbank,吸收存款及同业存放,balance,吸收存款是负债类科目，它核算企业（银行）吸收的除了同业存放款项以外的其他各种存款，即：收到的除金融机构以外的企业或者个人、组织的存款，包括单位存款（企业、事业单位、机关、社会团体等）、个人存款、信用卡存款、特种存款、转贷款资金和财政性存款等。同业存放，也称同业存款，全称是同业及其金融机构存入款项，是指因支付清算和业务合作等的需要，由其他金融机构存放于商业银行的款项。,,吸收存款及同业存放(元),1,吸收存款及同业存放(万元) balance
derivative_assets,衍生金融资产,balance,,,衍生金融资产(万元),1,衍生金融资产(万元) balance
derivative_liability,衍生金融负债,balance,,,衍生金融负债(万元),1,衍生金融负债(万元) balance
development_expenditure,开发支出,balance,开发支出项目是反映企业开发无形资产过程中能够资本化形成无形资产成本的支出部分。开发支出项目应当根据”研发支出”科目中所属的”资本化支出”明细科目期末余额填列。,,开发支出(元),1,开发支出(万元) balance
dividend_payable,应付股利,balance,应付股利是指企业根据年度利润分配方案，确定分配的股利。是企业经董事会或股东大会，或类似机构决议确定分配的现金股利或利润。企业分配的股票股利，不通过“应付股利”科目核算。确定时借记“未分配利润”帐户，贷记“应付股利”帐户；实际支付时借记“应付股利”帐户，贷记“银行存款”帐户。,,应付股利(元),1,应付股利(万元) balance
dividend_receivable,应收股利,balance,应收股利是指企业因股权投资而应收取的现金股利以及应收其他单位的利润，包括企业购入股票实际支付的款项中所包括的已宣告发放但尚未领取的现金股利和企业因对外投资应分得的现金股利或利润等，但不包括应收的股票股利。,,应收股利(元),1,应收股利(万元) balance
domestic_ticket_settlement,国内票证结算,balance,,,国内票证结算(万元),1,国内票证结算(万元) balance
equities_parent_company_owners,归属于母公司股东权益合计,balance,母公司股东权益反映的是母公司所持股份部分的所有者权益数，所有者权益合计是反映的是所有的股东包括母公司与少数股东一起100%的股东所持股份的总体所有者权益合计数。即所有者权益合计＝母公司股东权益合计母＋少数股东权益合计。,,归属于母公司股东权益合计(元),1,归属于母公司股东权益合计(万元) balance
equities_parent_company_owners,股东权益不含少数股东权益,balance,,,股东权益不含少数股东权益(万元),1,股东权益不含少数股东权益(万元) indicator
equity_separation_circulation_right ,股权分置流通权,balance,无论是权证方式还是非权证方式，非流通股股东都需要设置“股权分置流通权”这一全新的会计科目，用以核算以各种方式支付对价取得的在证券交易所挂牌交易的流通权的价值。,,股权分置流通权(万元),1,股权分置流通权(万元) balance
estimate_current_liability,预计流动负债,balance,,,预计流动负债(万元),1,预计流动负债(万元) balance
estimate_liability,预计负债,balance,预计负债是因或有事项可能产生的负债。根据或有事项准则的规定，与或有事项相关的义务同时符合以下三个条件的，企业应将其确认为负债：一是该义务是企业承担的现时义务；二是该义务的履行很可能导致经济利益流出企业，这里的“很可能”指发生的可能性为“大于50%，但小于或等于95%”；三是该义务的金额能够可靠地计量。,,预计负债(元),1, 预计负债(万元) cash_flow
estimate_non_current_liability,预计非流动负债,balance,,,预计非流动负债(万元),1,预计非流动负债(万元) balance
fixed_assets,固定资产,balance,固定资产是指企业为生产商品、提供劳务、出租或经营管理而持有的、使用寿命超过一个会计年度的有形资产。属于产品生产过程中用来改变或者影响劳动对象的劳动资料，是固定资本的实物形态。固定资产在生产过程中可以长期发挥作用，长期保持原有的实物形态，但其价值则随着企业生产经营活动而逐渐地转移到产品成本中去，并构成产品价值的一个组成部分。,,固定资产(元),1,固定资产(万元) balance
fixed_assets_liquidation,固定资产清理,balance,固定资产清理是指企业因出售、报废和毁损等原因转入清理的固定资产价值及其在清理过程中所发生的清理费用和清理收入等。,,固定资产清理(元),1,固定资产清理(万元) balance
foreign_currency_report_conv_diff,外币报表折算差额,balance,是指在编制合并财务报表时，把国外子公司或分支机构以所在国家货币编制的财务报表折算成以记账本位币表达的财务报表时，由于报表项目采用不同汇率折算而形成的汇兑损益。,,外币报表折算差额(元),1,外币报表折算差额(万元) balance
good_will,商誉,balance,商誉是指能在未来期间为企业经营带来超额利润的潜在经济价值，或一家企业预期的获利能力超过可辨认资产正常获利能力（如社会平均投资回报率）的资本化价值。商誉是企业整体价值的组成部分。在企业合并时，它是购买企业投资成本超过被并企业净资产公允价值的差额。,,商誉(元),1,商誉(万元) balance
hold_for_sale_assets,可供出售金融资产,balance,可供出售金融资产指初始确认时即被指定为可供出售的非衍生金融资产，以及下列各类资产之外的非衍生金融资产：（一）贷款和应收款项；（二）持有至到期投资；（三）交易性金融资产。,,可供出售金融资产(元),1,可供出售金融资产(万元) balance
hold_to_maturity_investments,持有至到期投资,balance,持有至到期投资指企业有明确意图并有能力持有至到期，到期日固定、回收金额固定或可确定的非衍生金融资产。以下非衍生金融资产不应划分为持有至到期投资：（一）初始确认时划分为交易性非衍生金融资产；（二）初始确认时被指定为可供出售非衍生金融资产；（三）符合贷款和应收款项定义的非衍生金融资产。,,持有至到期投资(元),1,持有至到期投资(万元) balance
insurance_contract_reserves,保险合同准备金,balance,险准备金是指保险人为保证其如约履行保险赔偿或给付义务，根据政府有关法律规定或业务特定需要，从保费收入或盈余中提取的与其所承担的保险责任相对应的一定数量的基金。,,保险合同准备金(元),1,保险合同准备金(万元) balance
insurance_receivable,应收保费,balance,保险公司按照合同约定应向投保人收取但尚未收到的保费收入。,,应收保费(元),1,应收保费(万元) balance
intangible_assets,无形资产,balance,无形资产是指企业拥有或者控制的没有实物形态的可辨认非货币性资产。资产满足下列条件之一的，符合无形资产定义中的可辨认性标准：　1、能够从企业中分离或者划分出来，并能够单独或者与相关合同、资产或负债一起，用于出售、转移、授予许可、租赁或者交换。　2、源自合同性权利或其他法定权利，无论这些权利是否可以从企业或其他权利和义务中转移或者分离。无形资产主要包括专利权、非专利技术、商标权、著作权、土地使用权、特许权等。商誉的存在无法与企业自身分离，不具有可辨认性，不属于本章所指无形资产。,,无形资产(元),1,无形资产(万元) balance
interest_payable,应付利息,balance,"应付利息是指金融企业根据存款或债券金额及其存续期限和规定的利率，按期计提应支付给单位和个人的利息。应付利息应按已计但尚未支付的金额入账。应付利息包括分期付息到期还本的长期借款、企业债券等应支付的利息。应付利息与应计利息的区别：应付利息属于借款,应计利息属于企业存款。",,应付利息(元),1,应付利息(万元) balance
interest_receivable,应收利息,balance,应收利息是指：短期债券投资实际支付的价款中包含的已到付息期但尚未领取的债券利息。这部分应收利息不计入短期债券投资初始投资成本中。但实际支付的价款中包含尚未到期的债券利息，则计入短期债券投资初始投资成本中（不需要单独核算）。,,应收利息(元),1,应收利息(万元) balance
internal_payable,内部应付款,balance,,,内部应付款(万元),1,内部应付款(万元) balance
internal_receivable,内部应收款,balance,,,内部应收款(万元),1,内部应收款(万元) balance
international_ticket_settlement,国际票证结算,balance,,,国际票证结算(万元),1,国际票证结算(万元) balance
inventories,存货,balance,是指企业在日常活动中持有的以备出售的产成品或商品、处在生产过程中的在产品、在生产过程或提供劳务过程中耗用的材料和物料等。,,存货(元),1,存货(万元) balance
investment_loss_unaffirmed,未确定的投资损失,balance,,,未确定的投资损失(万元),1,未确定投资损失(万元) balance
investment_property,投资性房地产,balance,投资性房地产是指为赚取租金或资本增值，或两者兼有而持有的房地产。投资性房地产应当能够单独计量和出售。,,投资性房地产(元),1,投资性房地产(万元) balance
lend_capital,拆出资金,balance,企业（金融）拆借给境内、境外其他金融机构的款项。,,拆出资金(元),1,拆出资金(万元) balance
loan_and_advance,发放贷款及垫款,balance,,,发放贷款及垫款(万元),1,发放贷款及垫款(万元) balance
loan_and_advance,发放委托贷款及垫款,balance,委托贷款是指由委托人提供合法来源的资金转入委托银行一般委存账户，委托银行根据委托人确定的贷款对象、用途、金额、期限、利率等代为发放、监督使用并协助收回的贷款业务。垫款是指银行在客户无力支付到期款项的情况下，被迫以自有资金代为支付的行为。,,发放委托贷款及垫款(元),0,
long_deferred_expense,长期待摊费用,balance,长期待摊费用是指企业已经支出，但摊销期限在1年以上(不含1年)的各项费用，包括开办费、租入固定资产的改良支出及摊销期在1年以上的固定资产大修理支出、股票发行费用等。应由本期负担的借款利息、租金等，不得作为长期待摊费用。,,长期待摊费用(元),2,长期待摊费用(万元) balance  长期待摊费用摊销(万元) cash_flow
long_deferred_expense_amortization,长期待摊费用摊销,cash_flow,长期待摊费用摊销(万元),,,,
longterm_account_payable,长期应付款,balance,长期应付款是指企业除了长期借款和应付债券以外的长期负债，包括应付引进设备款、应付融资租入固定资产的租赁费等。,,长期应付款(元),1,长期应付款(万元) balance
longterm_deferred_income,长期递延收益,balance,,,长期递延收益(万元),1,长期递延收益(万元) balance
longterm_equity_invest,长期股权投资,balance,长期股权投资是指企业持有的对其子公司、合营企业及联营企业的权益性投资以及企业持有的对被投资单位不具有控制、共同控制或重大影响，且在活跃市场中没有报价、公允价值不能可靠计量的权益性投资。,,长期股权投资(元),1,长期股权投资(万元) balance
longterm_loan,长期借款,balance,长期借款是指企业从银行或其他金融机构借入的期限在一年以上(不含一年)的借款。我国股份制企业的长期借款主要是向金融机构借人的各项长期性借款，如从各专业银行、商业银行取得的贷款；除此之外，还包括向财务公司、投资公司等金融企业借人的款项。,,长期借款(元),1,长期借款(万元) balance
longterm_receivable_account,长期应收款,balance,长期应收款是根据长期应收款的账户余额减去未确认融资收益还有一年内到期的长期应收款。,,长期应收款(元),1,长期应收款(万元) balance
margin_payable,应付保证金,balance,,,应付保证金(万元),1,应付保证金(万元) balance
margin_receivable,应收保证金,balance,,,应收保证金(万元),1,应收保证金(万元) balance
minority_interests,少数股东权益,balance,"少数股东权益简称少数股权,是反映除母公司以外的其他投资者在子公司中的权益，表示其他投资者在子公司所有者权益中所拥有的份额。在控股合并形式下，子公司股东权益中未被母公司持有部分。在母公司拥有子公司股份不足100%，即只拥有子公司净资产的部分产权时，子公司股东权益的一部分属于母公司所有，即多数股权，其余部分仍属外界其他股东所有，由于后者在子公司全部股权中不足半数，对子公司没有控制能力，故被称为少数股权。",,少数股东权益(元),1,少数股东权益(万元) balance
non_current_asset_in_one_year,一年内到期的非流动资产,balance,一年内到期的非流动资产反映企业将于一年内到期的非流动资产项目金额。包括一年内到期的持有至到期投资、长期待摊费用和一年内可收回的长期应收款。应根据有关科目的期末余额填列。执行企业会计制度的企业根据“一年内到期的长期债权投资”等科目填列。,,一年内到期的非流动资产(元),1,一年内到期非流动资产(万元) balance
non_current_liability_in_one_year,一年内到期的非流动负债,balance,是反映企业各种非流动负债在一年之内到期的金额，包括一年内到期的长期借款、长期应付款和应付债券。本项目应根据上述账户分析计算后填列。计入(收录)流动负债中。,,一年内到期的非流动负债(元),1,一年内到期非流动负债(万元) balance
non_profit_living_assets,公益性生物资产,balance,公益性生物资产，是指以防护、环境保护为主要目的的生物资产，包括防风固沙林、水土保持林和水源涵养林等。,,公益性生物资产(万元),1,公益性生物资产(万元) balance
notes_payable,应付票据,balance,应付票据是指企业购买材料、商品和接受劳务供应等而开出、承兑的商业汇票，包括商业承兑汇票和银行承兑汇票。在我国应收票据、应付票据仅指“商业汇票”，包括“银行承兑汇票”和“商业承兑汇票”两种，属于远期票据，付款期一般在1个月以上，6个月以内。其他的银行票据（支票、本票、汇票）等，都是作为货币资金来核算的，而不作为应收应付票据。,,应付票据(元),1,应付票据(万元) balance
oil_gas_assets,油气资产,balance,重要资产，其价值在总资产中占有较大比重。油气资产是指油气开采企业所拥有或控制的井及相关设施和矿区权益。油气资产属于递耗资产。递耗资产是通过开掘、采伐、利用而逐渐耗竭，以致无法恢复或难以恢复、更新或按原样重置的自然资源，如矿藏、原始森林等。油气资产是油气生产企业的重要资产，其价值在总资产中占有较大比重。,,油气资产(元),1,油气资产(万元) balance
ordinary_risk_reserve_fund,一般风险准备,balance,指从事证券业务的金融企业按规定从 净利润中提取，用于弥补亏损的 风险准备。,,一般风险准备(元),1,一般风险准备(万元) balance
other_current_assets,其他流动资产,balance,流动资产合计指在一年内或者超过一年的一个营业周期内变现或者耗用的资产，包括货币资金、短期投资、应收票据、应收账款、坏账准备、应收账款净额、预付账款、其他应收款、存货、待转其他业务支出、待摊费用、待处理流动资产净损失、一年内到期的长期债券投资、其他流动资产等项。,,其他流动资产(元),1,其他流动资产(万元) balance
other_current_liability,其他流动负债,balance,其他流动负债是指不能归属于短期借款，应付短期债券券，应付票据，应付帐款，应付所得税，其他应付款，预收账款这七款项目的流动负债。但以上各款流动负债，其金额未超过流动负债合计金额百分之五者，得并入其他流动负债内。,,其他流动负债(元),1,其他流动负债(万元) balance
other_longterm_invest,其他长期投资,balance,,,其他长期投资(万元),1,其他长期投资(万元) balance
other_non_current_assets,其他非流动资产,balance,贷款是指贷款人(我国的商业银行等金融机构)对借款人提供的并按约定的利率和期限还本付息的货币资金。贷款币可以是人民币，也可以是外币。,,其他非流动资产(元),1,其他非流动资产(万元) balance
other_non_current_liability,其他非流动负债,balance,其他非流动负债项目是反映企业除长期借款、应付债券等项目以外的其他非流动负债。其他非流动负债项目应根据有关科目的期末余额填列。其他非流动负债项目应根据有关科目期末余额减去将于一年内(含一年)到期偿还数后的余额填列。非流动负债各项目中将于一年内(含一年)到期的非流动负债，应在”一年内到期的非流动负债”项目内单独反映。,,其他非流动负债(元),1,其他非流动负债(万元) balance
other_payable,其他应付款,balance,其他应付款是财务会计中的一个往来科目，通常情况下，该科目只核算企业应付其他单位或个人的零星款项，如应付经营租入固定资产和包装物的租金、存入保证金、应付统筹退休金等。,,其他应付款(元),1,其他应付款(万元) balance
other_receivable,其他应收款,balance,其他应收款是企业应收款项的另一重要组成部分。是企业除应收票据、应收账款和预付账款以外的各种应收暂付款项。其他应收款通常包括暂付款，是指企业在商品交易业务以外发生的各种应收、暂付款项。,,其他应收款(元),1,其他应收款(万元) balance
other_tax_payable,其他应交款,balance,,,其他应交款(万元),1,其他应交款(万元) balance
paidin_capital,实收资本(或股本),balance,流动资产合计指在一年内或者超过一年的一个营业周期内变现或者耗用的资产，包括货币资金、短期投资、应收票据、应收账款、坏账准备、应收账款净额、预付账款、其他应收款、存货、待转其他业务支出、待摊费用、待处理流动资产净损失、一年内到期的长期债券投资、其他流动资产等项。,,实收资本(或股本)(元),1,实收资本(或股本)(万元) balance
prepiad_expenses,待摊费用,balance,,,待摊费用(万元),1,待摊费用(万元) balance
proxy_secu_proceeds,代理买卖证券款,balance,代理买卖证券款是指公司接受客户委托，代理客户买卖股票、债券和基金等有价证券而收到的款项，包括公司代理客户认购新股的款项、代理客户领取的现金股利和债券利息，代客户向证券交易所支付的配股款等。,,代理买卖证券款(元),1,代理买卖证券款(万元) balance
receivings_from_vicariously_sold_securities,代理承销证券款,balance,代理承销证券款是指公司接受委托，采用承购包销方式或代销方式承销证券所形成的、应付证券发行人的承销资金。,,代理承销证券款(元),1,代理承销证券款(万元) balance
reinsurance_contract_reserves_receivable,应收分保合同准备金,balance,是用于核算企业（再保险分出人）从事再保险业务确认的应收分保未到期责任准备金，以及应向再保险接受人摊回的保险责任准备金。,,应收分保合同准备金(元),1,应收分保合同准备金(万元) balance
reinsurance_payable,应付分保账款,balance,应付分保账款表示债务，这样一来，债权、债务关系更加一目了然。另外，财产保险公司应收分保账款是指本公司与其他保险公司之间开展分保业务发生的各种应收款项。,,应付分保账款(元),1,应付分保账款(万元) balance
reinsurance_receivables,应收分保账款,balance,指公司开展分保业务而发生的各种应收款项。,,应收分保账款(元),1,应收分保账款(万元) balance
retained_profit,未分配利润,balance,未分配利润是企业未作分配的利润。它在以后年度可继续进行分配，在未进行分配之前，属于所有者权益的组成部分。,,未分配利润(元),1,未分配利润(万元) balance
salaries_payable,应付职工薪酬,balance,应付职工薪酬是指企业为获得职工提供的服务而给予各种形式的报酬以及其他相关支出。职工薪酬包括：职工工资、奖金、津贴和补贴；职工福利费；医疗保险费、养老保险费、失业保险费、工伤保险费和生育保险费等社会保险费；住房公积金；工会经费和职工教育经费；非货币性福利；因解除与职工的劳动关系给予的补偿；其他与获得职工提供的服务相关的支出。原“应付工资”和“应付福利费”取消，换成“应付职工薪酬”。,,应付职工薪酬(元),1,应付职工薪酬(万元) balance
settlement_provi,结算备付金,balance,结算备付金是指结算参与人根据规定，存放在其资金交收账户中用于证券交易及非交易结算的资金。资金交收账户即结算备付金账户。,,结算备付金(元),1,结算备付金(万元) balance
shortterm_bond_payable,应付短期债券,balance,,,应付短期债券(万元),1,应付短期债券(万元) balance
shortterm_loan,短期借款,balance,短期借款企业用来维持正常的生产经营所需的资金或为抵偿某项债务而向银行或其他金融机构等外单位借入的、还款期限在一年以下或者一年的一个经营周期内的各种借款。,,短期借款(元),1,短期借款(万元) balance
sold_buyback_secu_proceeds,卖出回购金融资产款,balance,卖出回购金融资产款是用于核算企业（金融）按回购协议卖出票据、证券、贷款等金融资产所融入的资金。,,卖出回购金融资产款(元),1,卖出回购金融资产款(万元) balance
specific_account_payable,专项应付款,balance,专项应付款是企业接受国家拨入的具有专门用途的款项所形成的不需要以资产或增加其他负债偿还的负债。专项应付款指企业接受国家拨入的具有专门用途的拨款，如新产品试制费拨款、中间试验费拨款和重要科学研究补助费拨款等科技三项拨款等。,,专项应付款(元),1,专项应付款(万元) balance
specific_reserves,专项储备,balance,专项储备用于核算高危行业企业按照规定提取的安全生产费以及维持简单再生产费用等具有类似性质的费用。,,专项储备(元),1,专项储备(万元) balance
subsidy_receivable,应收补贴款,balance,,,应收补贴款(万元),1,应收补贴款(万元) balance
surplus_reserve_fund,盈余公积,balance,盈余公积是指企业按照规定从净利润中提取的各种积累资金。,,盈余公积金(元),1,盈余公积(万元) balance
tax_rebate_receiveable,应收出口退税,balance,,,应收出口退税(万元),1,应收出口退税(万元) balance
taxs_payable,应交税费,balance,应交税费是指企业根据在一定时期内取得的营业收入、实现的利润等，按照现行税法规定，采用一定的计税方法计提的应交纳的各种税费。应交税费包括企业依法交纳的增值税、消费税、营业税、所得税、资源税、土地增值税、城市维护建设税、房产税、土地使用税、车船税、教育费附加、矿产资源补偿费等税费，以及在上缴国家之前，由企业代收代缴的个人所得税等。,,应交税费(元),1,应交税费(万元) balance
total_assets,资产总计,balance,资产总计是指企业拥有或可控制的能以货币计量的经济资源，包括各种财产、债权和其他权利。企业的资产按其流动性划分为：流动资产、长期投资、固定资产、无形资产及递延资产、其他资产等，即为企业资产负债表的资产总计项。所谓流动性是指企业资产的变现能力和支付能力。该指标根据会计“资产负债表”中“资产总计”项的年末数填列。资产总计=流动资产+长期投资+固定资产+无形及递延资产+其他资产。,,资产总计(元),1,资产总计(万元) balance
total_assets,总资产,balance,,,总资产(万元),1,总资产(万元) indicator
total_current_assets,流动资产,balance,指在一年内或者超过一年的一个营业周期内变现或者耗用的资产，包括货币资金、短期投资、应收票据、应收账款、坏账准备、应收账款净额、预付账款、其他应收款、存货、待转其他业务支出、待摊费用、待处理流动资产净损失、一年内到期的长期债券投资、其他流动资产等项。,,流动资产合计(元),2,流动资产(万元) indicator 流动资产合计(万元) balance
total_current_liability,流动负债,balance,流动负债合计是指企业在一年内或超过一年的一个营业周期内需要偿还的债务，包括短期借款、应付帐款、其他应付款、应付工资、应付福利费、未交税金和未付利润、其他应付款、预提费用等。,,流动负债合计(元),2,流动负债(万元) indicator 流动负债合计(万元) balance
total_liability,负债合,balance,负债合计是指企业所承担的能以，将以资产或劳务偿还的债务，偿还形式包括货币、资产或提供劳务。,,负债合计(元),1,负债合计(万元) balance
total_liability,总负债,balance,,,总负债(万元),1,总负债(万元) indicator
total_non_current_assets,非流动资产合计,balance,公式：非流动资产合计=所有的非流动资产项目之和―一年内到期的非流动资产=固定资产―累计折旧―固定资产减值准备―一年内到期的非流动资产。,,非流动资产合计(元),1,非流动资产合计(万元) balance
total_non_current_liability,非流动负债合计,balance,流动负债合计是指企业在一年内或超过一年的一个营业周期内需要偿还的债务，包括短期借款、应付帐款、其他应付款、应付工资、应付福利费、未交税金和未付利润、其他应付款、预提费用等。,,非流动负债合计(元),1,非流动负债合计(万元) balance
total_owner_equities,股东权益,balance,指股本、资本公积、盈余公积、未分配利润的之和，代表了股东对企业的所有权，反映了股东在企业资产中享有的经济利益。,,股东权益合计(元),1,股东权益(或股东权益)合计(万元) balance
total_sheet_owner_equities,负债和所有者权益,balance,负债和股东权益总计是等于负债总额加上股东权益总额，也等于资产总额。,,负债和股东权益合计,1,负债和股东权益(或股东权益)总计(万元) balance
trading_assets,交易性金融资产,balance,交易性金融资产是指：企业为了近期内出售而持有的金融资产。通常情况下，以赚取差价为目的从二级市场购入的股票、债券和基金等，应分类为交易性金融资产，故长期股权投资不会被分类转入交易性金融资产及其直接指定为以公允价值计量且其变动计入当期损益的金融资产进行核算。,,交易性金融资产(元),1,交易性金融资产(万元) balance
trading_liability,交易性金融负债,balance,交易性金融负债是指企业采用短期获利模式进行融资所形成的负债，比如短期借款、长期借款、应付债券。作为交易双方来说，甲方的金融债权就是乙方的金融负债，由于融资方需要支付利息，因比，就形成了金融负债。交易性金融负债是企业承担的交易性金融负债的公允价值。,,交易性金融负债(元),1,交易性金融负债(万元) balance
treasury_stock,库存股,balance,指股份有限公司已发行的股票，由于公司的重新回购或其他原因且不是为了注销的目的而由公司持有的股票。,,库存股(元),1,减:库存股(万元) balance
fixed_assets_impairment,固定资产减值准备,balance  ,,,固定资产减值准备(万元),1,固定资产减值准备(万元) balance
fixed_assets_net_value,固定资产净值,balance  ,,,固定资产净值(万元) ,1,固定资产净值(万元) balance
fixed_assets_original_value,固定资产原值,balance  ,,,固定资产原值(万元),1,固定资产原值(万元) balance
bad_debts_reserve,贷款呆账准备金,bank_indicator,贷款呆账准备金,,贷款呆账准备金,0,
bank_net_capital,资本净额,bank_indicator,资本净额为核心资本加上附属资本减去扣减项,,资本净额(2013),0,
bank_net_profit_margin,净利差,bank_indicator,净利差是指平均生息资产收益率与平均计息负债成本率之差,,净利差,0,
capital_adequacy_ratio,资本充足率,bank_indicator,资本充足率是一个银行的资产对其风险的比率,,资本充足率（2013）,0,
concerned_amount,关注-金额,bank_indicator,关注类贷款余额,,关注-金额,0,
concerned_amount_ratio,关注金额占比,bank_indicator,关注类贷款占贷款总额的比例。关注金额占比=关注类贷款/(正常类贷款+关注类贷款+次级类贷款+可疑类贷款+损失类贷款)*100%,,关注金额占比,0,
core_level_capital,核心一级资本,bank_indicator,核心一级资本,,核心一级资本(2013),0,
core_level_capital_adequacy_ratio,核心一级资本充足率,bank_indicator,核心一级资本充足率,,核心一级资本充足率(2013),0,
cost_to_income_ratio,成本收入比,bank_indicator,成本收入比为业务及管理费占营业收入的比例。成本收入比=业务及管理费/营业收入,,成本收入比,0,
deposit_loan_ratio,存贷款比例,bank_indicator,存贷款比例是指将银行的贷款总额与存款总额进行对比,,存贷款比例,0,
enterprise_deposits_average_balance,企业存款-平均余额,bank_indicator,企业存款的平均余额,,企业存款-平均余额,0,
enterprise_deposits_average_interest_rate,企业存款-年平均利率,bank_indicator,企业存款的年平均利率,,企业存款-年平均利率,0,
former_capital_adequacy_ratio,资本充足率 ,bank_indicator,资本充足率是一个银行的资产对其风险的比率,,资本充足率 (旧),0,
former_core_capital,核心资本 ,bank_indicator,核心资本净额为核心资本减去核心资本扣减项。,,核心资本 (旧),0,
former_net_capital,资本净额 ,bank_indicator,资本净额为核心资本加上附属资本减去扣减项,,资本净额 (旧),0,
former_net_core_capital,核心资本净额,bank_indicator,,,核心资本净额（旧）,0,
former_net_core_capital_adequacy_ratio,核心资本充足率 ,bank_indicator,核心资本充足率是指核心资本与加权风险资产总额的比率,,核心资本充足率 (旧),0,
former_weighted_risky_asset,加权风险资产净额,bank_indicator,加权风险资产净额是指对银行的资产加以分类，根据不同类别资产的风险性质确定不同的风险系数，以这种风险系数为权重求得的资产净额。,,加权风险资产净额（旧）,0,
interest_bearing_liabilities,计息负债,bank_indicator,计息负债指银行负债当中需要支付利息的债务,,计息负债,0,
interest_bearing_liabilities_interest_rate,计息负债成本率,bank_indicator,计息负债成本率,,计息负债成本率,0,
interest_earning_assets,生息资产,bank_indicator,生息资产是指贷款、投资等业务形式上的资产，能为银行的经营带来收入,,生息资产,0,
interest_earning_assets_yield,生息资产收益率,bank_indicator,生息资产收益率,,生息资产收益率,0,
level_1_capital_adequacy_ratio,一级资本充足率,bank_indicator,一级资本充足率,,一级资本充足率(2013),0,
loss_amount,损失-金额,bank_indicator,损失类贷款余额,,损失-金额,0,
loss_amount_ratio,损失金额占比,bank_indicator,损失类贷款占贷款总额的比例。损失金额占比=损失类贷款/(正常类贷款+关注类贷款+次级类贷款+可疑类贷款+损失类贷款)*100%,,损失金额占比,0,
mid_term_loan_annualized_average_balance,中长期贷款-平均余额,bank_indicator,中长期贷款的平均余额,,中长期贷款-平均余额,0,
mid_term_loan_annualized_average_interest_rate,中长期贷款-年平均利率,bank_indicator,中长期贷款的年平均利率,,中长期贷款-年平均利率,0,
net_core_level_capital,核心一级资本净额,bank_indicator,核心一级资本净额,,核心一级资本净额(2013),0,
net_interest_margin,净息差,bank_indicator,净息差指的是银行净利息收入和银行全部生息资产的比值,,净息差,0,
net_level_1_capital,一级资本净额,bank_indicator,一级资本净额,,一级资本净额(2013),0,
non_interest_bearing_liabilities,非计息负债,bank_indicator,非计息负债,,非计息负债,0,
non_interest_earning_assets,非生息资产,bank_indicator,非生息资产,,非生息资产,0,
non_interest_income,非利息收入,bank_indicator,非利息收入,,非利息收入,0,
non_interest_income_ratio,非利息收入占比,bank_indicator,非利息收入占比为非利息收入占全部收入的比例,,非利息收入占比,0,
non_performing_loan_provision_coverage,不良贷款拨备覆盖率,bank_indicator,不良贷款拨备覆盖率是衡量商业银行贷款损失准备金计提是否充足的一个重要指标。该项指标从宏观上反映银行贷款的风险程度及社会经济环境、诚信等方面的情况。不良贷款拨备覆盖率=贷款损失准备/(次级类资产+可疑类资产+损失类资产)*100%,,不良贷款拨备覆盖率,0,
Nonperforming_loan_rate,不良贷款率,bank_indicator,金融机构不良贷款占总贷款余额的比重,,不良贷款率,0,
normal_amount,正常-金额,bank_indicator,正常类贷款余额,,正常-金额,0,
normal_amount_ratio,正常金额占比,bank_indicator,正常类贷款占贷款总额的比例。正常金额占比=正常类贷款/(正常类贷款+关注类贷款+次级类贷款+可疑类贷款+损失类贷款)*100%,,正常金额占比,0,
savings_deposit_average_balance,储蓄存款-平均余额,bank_indicator,储蓄存款的平均余额,,储蓄存款-平均余额,0,
savings_deposit_average_interest_rate,储蓄存款-年平均利率,bank_indicator,储蓄存款的年平均利率,,储蓄存款-年平均利率,0,
secondary_amount,次级-金额,bank_indicator,次级类贷款余额,,次级-金额,0,
secondary_amount_ratio,次级金额占比,bank_indicator,次级类贷款占贷款总额的比例。次级金额占比=次级类贷款/(正常类贷款+关注类贷款+次级类贷款+可疑类贷款+损失类贷款)*100%,,次级金额占比,0,
short_term_asset_liquidity_ratio_CNY,短期资产流动性比例,bank_indicator,人民币的短期资产流动性比例,,短期资产流动性比例（人民币）,0,
short_term_asset_liquidity_ratio_FC,短期资产流动性比例,bank_indicator,外币的短期资产流动性比例,,短期资产流动性比例（外币）,0,
short_term_loan_annualized_average_interest_rate,短期贷款-年平均利率,bank_indicator,短期贷款的年平均利率,,短期贷款-年平均利率,0,
short_term_loan_average_balance,短期贷款-平均余额,bank_indicator,短期贷款的平均余额,,短期贷款-平均余额,0,
single_largest_customer_loan_ratio,单一最大客户贷款比例,bank_indicator,单一最大客户贷款额占全部贷款余额的比例,,单一最大客户贷款比例,0,
suspicious_amount,可疑-金额,bank_indicator,可疑类贷款余额,,可疑-金额,0,
suspicious_amount_ratio,可疑金额占比,bank_indicator,可疑类贷款占贷款总额的比例。可疑金额占比=可疑类贷款/(正常类贷款+关注类贷款+次级类贷款+可疑类贷款+损失类贷款)*100%,,可疑金额占比,0,
top_ten_customer_loan_ratio,最大十家客户贷款比例,bank_indicator,最大十家客户贷款额占全部贷款余额的比例,,最大十家客户贷款比例,0,
total_deposit,存款总额,bank_indicator,银行的存款总额,,存款总额,0,
total_loan,贷款总额,bank_indicator,银行发放的贷款总额,,贷款总额,0,
weighted_risky_asset,风险加权资产合计,bank_indicator,风险加权资产合计,,风险加权资产合计（2013）,0,
accrued_expenses_inc,预提费用的增加,cash_flow,,, 预提费用的增加(万元),1, 预提费用增加(万元) cash_flow
asset_impairment_provision,资产减值准备,cash_flow,,, 资产减值准备(万元),1, 资产减值准备(万元) cash_flow
borrowing_repayment,偿还债务支付的现金,cash_flow,反映企业以现金偿还债务的本金。,,偿还债务支付的现金(元),1, 偿还债务支付现金(万元) cash_flow
cash_at_beginning,现金的期初余额,cash_flow,,, 现金的期初余额(万元),1, 现金期初余额(万元) cash_flow
cash_at_end,现金的期末余额,cash_flow,,, 现金的期末余额(万元),1, 现金期末余额(万元) cash_flow
cash_equivalents_at_beginning,期初现金及现金等价物余额,cash_flow,现金流量表科目。,,期初现金及现金等价物余额(元),1, 加:期初现金及现金等价物余额(万元) cash_flow
cash_equivalents_at_end,期末现金及现金等价物余额,cash_flow,现金流量表科目。,,期末现金及现金等价物余额(元),1, 期末现金及现金等价物余额(万元) cash_flow
cash_for_pledge_deposit_inc,增加质押和定期存款所支付的现金,cash_flow,,, 增加质押和定期存款所支付的现金(万元),1, 增加质押和定期存款支付现金(万元) cash_flow
cash_from_bonds_issue,发行债券收到的现金,cash_flow,反映商业银行本期发行债券收到的本金。,,发行债券收到的现金(元),1, 发行债券收到现金(万元) cash_flow
cash_from_borrowing,取得借款收到的现金,cash_flow,反映企业举借各种短期、长期借款而收到的现金。,,取得借款收到的现金(元),1, 取得借款收到现金(万元) cash_flow
cash_from_invest,吸收投资收到的现金,cash_flow,反映企业以发行股票、债券等方式筹集资金实际收到的款项，减去直接支付给金融企业的佣金、手续费、宣传费、咨询费、印刷费等发行费用后的净额。,,吸收投资收到的现金(元),1, 吸收投资收到现金(万元) cash_flow
cash_from_mino_s_invest_sub,子公司吸收少数股东投资收到的现金,cash_flow,《企业会计准则第33 号――合并财务报表》合并现金流量表科目。具体核算范围和方法参见上市公司定期报告。,,子公司吸收少数股东投资收到的现金(元),1, 其中：子公司吸收少数股东投资收到现金(万元) cash_flow
cash_from_pledeg_deposit_dec,减少质押和定期存款所收到的现金,cash_flow,,, 减少质押和定期存款所收到的现金(万元),1, 减少质押和定期存款收到现金(万元) cash_flow
cashEquivalents_at_beginning,现金等价物的期初余额,cash_flow,,, 现金等价物的期初余额(万元),1, 现金等价物期初余额(万元) cash_flow
cashEquivalents_at_end,现金等价物的期末余额,cash_flow,,, 现金等价物的期末余额(万元),1, 现金等价物期末余额(万元) cash_flow
complete_unsettle_payment_dec,已完工尚未结算款的减少,cash_flow,,, 已完工尚未结算款的减少(减:增加)(万元),1, 已完工尚未结算款减少(减:增加)(万元) cash_flow
convertible_bonds_in_one_year,一年内到期的可转换公司债券,cash_flow,,, 一年内到期的可转换公司债券(万元),1, 一年内到期可转换公司债券(万元) cash_flow
debt_to_capital,债务转为资本,cash_flow,,, 债务转为资本(万元),1, 债务转为资本(万元) cash_flow
deferred_income_inc,递延收益增加,cash_flow,,, 递延收益增加(减：减少)(万元),1, 递延收益增加(减：减少)(万元) cash_flow
deferred_tax_assets_dec,递延所得税资产减少,cash_flow,,,递延所得税资产减少(万元),1, 递延得税资产减少(万元) cash_flow
deferred_tax_liability_inc,递延所得税负债增加,cash_flow,,,递延所得税负债增加(万元) ,1, 递延得税负债增加(万元) cash_flow
depreciation,固定资产折旧、油气资产折耗、生产性物资折旧,cash_flow,,,固定资产折旧、油气资产折耗、生产性物资折旧(万元) ,1, 固定资产折旧、油气资产折耗、生产性物资折旧(万元) cash_flow
dividend_interest_payment,分配股利、利润或偿付利息所支付的现金,cash_flow,反映企业实际支付的现金股利、支付给其他投资单位的利润或用现金支付的借款利息、债券利息。,,分配股利、利润或偿付利息支付的现金(元),1, 分配股利、利润或偿付利息支付现金(万元) cash_flow
exchange_rate_change_effect,汇率变动对现金及现金等价物的影响,cash_flow,指企业外币现金流量及境外子公司的现金流量折算成记账本位币时，所采用的是现金流量发生日的汇率或即期汇率的近似汇率。,,汇率变动对现金及现金等价物的影响,1, 汇率变动对现金及现金等价物影响(万元) cash_flow
fair_value_change_loss,公允价值变动损失,cash_flow,,, 公允价值变动损失(万元),1, 公允价值变动损失(万元) cash_flow
fix_intan_other_asset_acqui_cash,购建固定资产、无形资产和其他长期资产所支付的现金,cash_flow,反映企业购买、建造固定资产、取得无形资产和其他长期资产所支付的现金及增值税款、支付的应由在建工程和无形资产负担的职工薪酬现金支出，但为购建固定资产而发生的借款利息资本化部分、融资租入固定资产所支付的租赁费除外。,,购建固定资产、无形资产和其他长期资产支付的现金(元),1, 购建固定资产、无形资产和其他长期资产支付现金(万元) cash_flow
fix_intan_other_asset_dispo_cash,处置固定资产、无形资产和其他长期资产所收回的现金净额,cash_flow,反映企业出售、报废固定资产、无形资产和其他长期资产所取得的现金（包括因资产毁损而收到的保险赔偿收入），减去为处置这些资产而支付的有关费用后的净额，但现金净额为负数的除外。,,处置固定资产、无形资产和其他长期资产收回的现金净额(元),1, 处置固定资产、无形资产和其他长期资产收回现金净额(万元) cash_flow
fix_intan_other_asset_dispo_loss,处置固定资产、无形资产和其他长期资产的损失,cash_flow,,,处置固定资产、无形资产和其他长期资产的损失(万元) ,1, 处置固定资产、无形资产和其他长期资产损失(万元) cash_flow
fixed_asset_under_leases,融资租入固定资产,cash_flow,,,融资租入固定资产(万元) ,1, 融资租入固定资产(万元) cash_flow
fixed_assets_write_off_loss,固定资产报废损失,cash_flow,,,固定资产报废损失(万元),1, 固定资产报废损失(万元) cash_flow
goods_and_services_cash_paid,购买商品、接受劳务支付的现金,cash_flow,反映企业本期购买商品、接受劳务实际支付的现金（包括增值税进项税额），以及本期支付前期购买商品、接受劳务的未付款项和本期预付款项，减去本期发生的购货退回收到的现金。,,购买商品、接受劳务支付的现金(元),1, 购买商品、接受劳务支付现金(万元) cash_flow
goods_sale_and_service_render_cash,销售商品、提供劳务收到的现金,cash_flow,反映企业本期销售商品、提供劳务收到的现金，以及前期销售商品、提供劳务本期收到的现金（包括销售收入和应向购买者收取的增值税销项税额）和本期预收的款项，减去本期销售本期退回的商品和前期销售本期退回的商品支付的现金。企业销售材料和代购代销业务收到的现金，也在本项目反映。,,销售商品、提供劳务收到的现金(元),1, 销售商品、提供劳务收到现金(万元) cash_flow
handling_charges_and_commission,支付利息、手续费及佣金的现金,cash_flow,一般是指涉及到贷款利息，银行扣缴的手续费及佣金等现金的流出，用在利息指出，或者银行手续费支出，佣金支出等业务上。,,支付利息、手续费及佣金的现金(元),1, 支付利息、手续费及佣金现金(万元) cash_flow
impawned_loan_net_increase,质押贷款净增加额,cash_flow,质押贷款是指贷款人按《担保法》规定的质押方式以借款人或第三人的动产或权利为质押物发放的贷款。,,质押贷款净增加额(元),1, 质押贷款净增加额(万元) cash_flow
intangible_assets_amortization,无形资产摊销,cash_flow,,,无形资产摊销(万元) ,1, 无形资产摊销(万元) cash_flow
interest_and_commission_cashin,收取利息、手续费及佣金的现金,cash_flow,收取利息、手续费及佣金的现金,,收取利息、手续费及佣金的现金(元),1, 收取利息、手续费及佣金现金(万元) cash_flow
inventories_decrease,存货的减少,cash_flow,,,存货的减少(万元) ,1, 存货减少(万元) cash_flow
invest_cash_paid,投资支付的现金,cash_flow,反映企业取得的除现金等价物以外的权益性投资和债权性投资所支付的现金以及支付的佣金、手续费等附加费用。,,投资支付的现金(元),0,
invest_proceeds,取得投资收益所收到的现金,cash_flow,反映企业因股权性投资而分得的现金股利，从子公司、联营企业或合营企业分回利润而收到的现金，以及因债权性投资而取得的现金利息收入，但股票股利除外。,,取得投资收益收到的现金(元),1, 取得投资收益收到现金(万元) cash_flow
invest_withdrawal_cash,收回投资收到的现金,cash_flow,反映企业出售、转让或到期收回除现金等价物以外的交易性金融资产、长期股权投资而收到的现金，以及收回长期债权投资本金而收到的现金，但长期债权投资收回的利息除外。,,收回投资收到的现金(元),1, 收回投资收到现金(万元) cash_flow
investment_cash_paid,投资所支付的现金,cash_flow,,, 投资所支付的现金(万元),1, 投资支付现金(万元) cash_flow
investment_loss,投资损失,cash_flow,,, 投资损失(万元),1, 投资损失(万元) cash_flow
investment_loss_unaffirmed,未确认的投资损失,cash_flow,,, 未确认的投资损失(万元),2, 未确认投资损失(万元) cash_flow 未确认投资损失(万元) income
net_borrowing_from_central_bank,向中央银行借款净增加额,cash_flow,向中央银行借款净增加额=向中央银行借款期末余额－向中央银行借款期初余额。,,向中央银行借款净增加额(元),1, 向中央银行借款净增加额(万元 cash_flow
net_borrowing_from_finance_co,向其他金融机构拆入资金净增加额,cash_flow,向其他金融机构拆入资金净增加额=向其他金融机构拆入资金期末余额－向其他金融机构拆入资金期初余额。,,向其他金融机构拆入资金净增加额(元),1, 向其他金融机构拆入资金净增加额(万元) cash_flow
net_buyback,回购业务资金净增加额,cash_flow,回购交易是质押贷款的一种方式，通常用在政府债券上。债券经纪人向投资者临时出售一定的债券，同时签约在一定的时间内以稍高价格买回来。债券经纪人从中取得资金再用来投资，而投资者从价格差中得利。,,回购业务资金净增加额(元),1, 回购业务资金净增加额(万元) cash_flow
net_cash_deal_subcompany,处置子公司及其他营业单位收到的现金净额,cash_flow,反映企业处置子公司及其他营业单位所取得的现金减去相关处置费用后的净额。,,处置子公司及其他营业单位收到的现金净额(元),1, 处置子公司及其他营业单位收到现金净额(万元) cash_flow
net_cash_equivalent_inc,现金及现金等价物净增加额,cash_flow,中外币现金净增加额按期末汇率折算的金额。,,现金及现金等价物净增加额,3,现金及现金等价物净增加额(万元) indicator  现金及现金等价物净增加额(万元) cash_flow  现金及现金等价物净增加额(万元) cash_flow
net_cash_from_sub_company,取得子公司及其他营业单位支付的现金净额,cash_flow,反映企业购买子公司及其他营业单位购买出价中以现金支付的部分，减去子公司或其他营业单位持有的现金和现金等价物后的净额。,,取得子公司及其他营业单位支付的现金净额(元),1, 取得子公司及其他营业单位支付现金净额(万元) cash_flow
net_cash_received_from_reinsurance_business,收到再保险业务现金净额,cash_flow,再保险是指一个保险人，分出一定的保险金额给另一个保险人。,,收到再保险业务现金净额(元),1, 收到再保险业务现金净额(万元) cash_flow
net_deal_trading_assets,处置交易性金融资产净增加额,cash_flow,交易性金融资产是指企业为了近期内出售而持有的债券投资、股票投资和基金投资。,,处置交易性金融资产净增加额(元),1, 处置交易性金融资产净增加额(万元) cash_flow
net_deposit_in_cb_and_ib,存放中央银行和同业款项净增加额,cash_flow,存放中央银行款项是指各金融企业在中央银行开户而存入的用于支付清算、调拨款项、提取及缴存现金、往来资金结算以及按吸收存款的一定比例缴存于中央银行的款项和其他需要缴存的款项。存放同业是指商业银行存放在其他银行和非银行金融机构的存款。,,存放中央银行和同业款项净增加额(元),1, 存放中央银行和同业款项净增加额(万元) cash_flow
net_deposit_increase,客户存款和同业存放款项净增加额,cash_flow,客户存款和同业存款净增加额=客户存款和同业存款期末余额－客户存款和同业存款期初余额。,,客户存款和同业存放款项净增加额(元),1, 客户存款和同业存放款项净增加额(万元) cash_flow
net_finance_cash_flow,筹资活动产生的现金流量净额,cash_flow,现金流量表科目。,,筹资活动产生的现金流量净额(元),1, 筹资活动产生现金流量净额(万元) cash_flow
net_increase_in_placements,拆入资金净增加额,cash_flow,拆入资金净增加额=拆入资金期末余额－拆入资金期初余额。,,拆入资金净增加额(元),1, 拆入资金净增加额(万元) cash_flow
net_insurer_deposit_investment,保户储金及投资款净增加额,cash_flow,保户储金，是指保险公司以储金利息作为保费的保险业务，收到保户缴存的储金。投资款是收到股东的款项。,,保户储金及投资款净增加额(元),1, 保户储金及投资款净增加额(万元) cash_flow
net_invest_cash_flow,投资活动产生的现金流量净额,cash_flow,现金流量表科目。,,投资活动产生的现金流量净额(元),1, 投资活动产生现金流量净额(万元) cash_flow
net_loan_and_advance_increase,客户贷款及垫款净增加额,cash_flow,客户贷款是科目核算信托项目管理运用、处分信托财产而持有的各项贷款。垫款是指银行在客户无力支付到期款项的情况下，被迫以自有资金代为支付的行为。,,客户贷款及垫款净增加额(元),1, 客户贷款及垫款净增加额(万元) cash_flow
net_ocf_per_share,每股经营活动产生的现金流量净额,cash_flow,,,每股经营活动产生的现金流量净额(元) ,1,每股经营活动产生现金流量净额(元) indicator
net_operate_cash_flow,经营活动产生的现金流量净额,cash_flow,公式: 经营活动产生的现金流量净额/负债合计,,经营活动产生的现金流量净额(元),3,经营活动产生现金流量净额(万元) indicator  经营活动产生现金流量净额(万元) cash_flow  经营活动产生现金流量净额(万元) cash_flow
net_original_insurance_cash,收到原保险合同保费取得的现金,cash_flow,收到原保险合同保费取得的现金,,收到原保险合同保费取得的现金(元),1, 收到原保险合同保费取得现金(万元) cash_flow
operating_payable_inc,经营性应付项目的增加,cash_flow,,, 经营性应付项目的增加(万元),1, 经营性应付项目增加(万元) cash_flow
operating_receivable_dec,经营性应收项目的减少,cash_flow,,, 经营性应收项目的减少(万元),1, 经营性应收项目减少(万元) cash_flow
original_compensation_paid,支付原保险合同赔付款项的现金,cash_flow,赔付支出主要指核算企业（保险）支付的原保险合同赔付款项和再保险合同赔付款项。原保险即是区别于再保险的名词。,,支付原保险合同赔付款项的现金(元),1, 支付原保险合同赔付款项现金(万元) cash_flow
other,其他,cash_flow,,, 其他(万元),1, 其他(万元) cash_flow
other_cash_from_invest_act,收到其他与投资活动有关的现金,cash_flow,反映企业除上述各项目外收到或支付的其他与投资活动有关的现金流入或流出，金额较大的应当单独列示。,,收到其他与投资活动有关的现金(元),1, 收到其他与投资活动有关现金(万元) cash_flow
other_cash_to_invest_act,支付其他与投资活动有关的现金,cash_flow,现金流量表科目。,,支付其他与投资活动有关的现金(元),1, 支付其他与投资活动有关现金(万元) cash_flow
other_cashin_related_operate,收到的其他与经营活动有关的现金,cash_flow,反映企业收到的罚款收入、经营租赁收到的租金等其他与经营活动有关的现金流入，金额较大的应当单独列示。,,收到其他与经营活动有关的现金(元),1, 收到其他与经营活动有关现金(万元) cash_flow
other_finance_act_cash,收到其他与筹资活动有关的现金,cash_flow,反映企业除上述项目外，收到或支付的其他与筹资活动有关的现金流入或流出，包括以发行股票、债券等方式筹集资金而由企业直接支付的审计和咨询等费用、为购建固定资产而发生的借款利息资本化部分、融资租入固定资产所支付的租赁费、以分期付款方式购建固定资产以后各期支付的现金等。,,收到其他与筹资活动有关的现金(元),1, 收到其他与筹资活动有关现金(万元) cash_flow
other_finance_act_payment,支付其他与筹资活动有关的现金,cash_flow,包括：筹资费用所支付的现金，融资租赁所支付的现金，减少注册资本所支付的现金（收购本公司股票、退还联营单位的联营投资等）企业以分期付款方式构建固定资产除首期付款支付的现金以外的其他各期所支付的现金。,,支付其他与筹资活动有关的现金(元),1, 支付其他与筹资活动有关现金(万元) cash_flow
other_operate_cash_paid,支付其他与经营活动有关的现金,cash_flow,反映企业支付的罚款支出、支付的差旅费、业务招待费、保险费、经营租赁支付的现金等其他与经营活动有关的现金流出，金额较大的应当单独列示。,,支付其他与经营活动有关的现金(元),1, 支付其他与经营活动有关现金(万元) cash_flow
policy_dividend_cash_paid,支付保单红利的现金,cash_flow,保单红利支出是根据原保险合同的约定，按照分红保险产品的红利分配方法及有关精算结果而估算，支付给保单持有人的红利。,,支付保单红利的现金(元),1, 支付保单红利现金(万元) cash_flow
prepiad_expenses_dec,待摊费用的减少,cash_flow,,, 待摊费用的减少(万元),1, 待摊费用减少(万元) cash_flow
proceeds_from_sub_to_mino_s,子公司支付给少数股东的股利、利润,cash_flow,一般企业现金流量表科目。,,子公司支付给少数股东的股利、利润(元),1, 其中：子公司支付给少数股东股利、利润(万元) cash_flow
staff_behalf_paid,支付给职工以及为职工支付的现金,cash_flow,这个项目反映企业实际支付给职工的现金以及为职工支付的现金，包括本期实际支付给职工的工资、奖金、各种津贴和补贴等，以及为职工支付的其他费用。不包括支付的离退休人员的各项费用和支付给在建工程人员的工资等。,,支付给职工以及为职工支付的现金(元),1, 支付给职工以及为职工支付现金(万元) cash_flow
subtotal_finance_cash_inflow,筹资活动现金流入小计,cash_flow,吸收投资收到的现金+取得借款收到的现金+收到其他与筹资活动有关的现金+发行债券收到的现金。,,筹资活动现金流入小计(元),1, 筹资活动现金流入小计(万元) cash_flow
subtotal_finance_cash_outflow,筹资活动现金流出小计,cash_flow,现金流量表科目。,,筹资活动现金流出小计(元),1, 筹资活动现金流出小计(万元) cash_flow
subtotal_invest_cash_inflow,投资活动现金流入小计,cash_flow,取得投资收益收到的现金+处置固定资产、无形资产和其他长期资产收回的现金净额+处置子公司及其他营业单位收到的现金净额+收到其他与投资活动有关的现金。,,投资活动现金流入小计(元),1, 投资活动现金流入小计(万元) cash_flow
subtotal_invest_cash_outflow,投资活动现金流出小计,cash_flow,购建固定资产、无形资产和其他长期资产支付的现金+投资支付的现金+取得子公司及其他营业单位支付的现金净额+支付其他与投资活动有关的现金。,,投资活动现金流出小计(元),1, 投资活动现金流出小计(万元) cash_flow
subtotal_operate_cash_inflow,经营活动现金流入小计,cash_flow,销售商品、提供劳务+收到的现金收到的税费返还+收到其他与经营活动有关的现金。,,经营活动现金流入小计(元),1, 经营活动现金流入小计(万元) cash_flow
subtotal_operate_cash_outflow,经营活动现金流出小计,cash_flow,购买商品、接受劳务支付的现金+支付给职工以及为职工支付的现金+支付的各项税费+支付其他与经营活动有关的现金。,,经营活动现金流出小计(元),1, 经营活动现金流出小计(万元) cash_flow
tax_levy_refund,收到的税费返还,cash_flow,反映企业收到返还的增值税、营业税、所得税、消费税、关税和教育费附加返还款等各种税费。,,收到的税费返还(元),1, 收到税费返还(万元) cash_flow
tax_payments,支付的各项税费,cash_flow,反映企业本期发生并支付的、本期支付以前各期发生的以及预交的教育费附加、矿产资源补偿费、印花税、房产税、土地增值税、车船使用税、预交的营业税等税费，计入固定资产价值、实际支付的耕地占用税、本期退回的增值税、所得税等除外。,,支付的各项税费(元),1, 支付各项税费(万元) cash_flow
uncomplete_settle_payment_inc,已结算尚未完工款的增加,cash_flow,,, 已结算尚未完工款的增加(减:减少)(万元),1, 已结算尚未完工款增加(减:减少)(万元) cash_flow
amplitude,振幅,history,,,,,
bl_low,布林线下轨,history,,,,,
bl_mid,布林线中轨,history,,,,,
bl_upper,布林线上轨,history,,,,,
change_amount,涨跌额,history,,,,,
change_rate,涨跌幅,history,,,,,
close,收盘价,history,,,收盘价,0,
code,股票代码,history,,,股票代码,0,
code,ticker,history,,,ticker,0,
date,日期,history,,,交易日期,0,
date,date,history,,,,4,date indicator date balance date cash_flow date income
derc_close,后复权价,history,,,,,
derc_high,后复权最高价,history,,,,,
derc_low,后复权最低价,history,,,,,
derc_open,后复权开盘,history,,,,,
i_close,自定义后复权价,history,,,,,
i_hight,自定义后复权最高价,history,,,,,
i_low,自定义后复权最低价,history,,,,,
i_open,自定义后复权开盘,history,,,,,
fall_stop,是否跌停,history,,,,,
forward_right_price,前复权价,history,,,,,
high,最高价,history,,,最高价,0,
kdj_cross,KDJ_金叉死叉,history,,,,,
kdj_d,KDJ_D,history,,,,,
kdj_j,KDJ_J,history,,,,,
kdj_k,KDJ_K,history,,,,,
low,最低价,history,,,最低价,0,
ma_cross,MA金叉死叉,history,,,,,
ma10,MA_10,history,,,,,
ma20,MA_20,history,,,,,
ma30,MA_30,history,,,,,
ma5,MA_5,history,,,,,
ma60,MA_60,history,,,,,
macd_cross,MACD_金叉死叉,history,,,,,
macd_dea,MACD_DEA,history,,,,,
macd_dif,MACD_DIF,history,,,,,
macd_macd,MACD_MACD,history,,,,,
money,成交额,history,,,成交额,0,
money,成交金额,history,,,成交额,0,
name,名称,history,,,股票名称,0,
open,开盘价,history,,,开盘价,0,
pre_close,前收盘,history,,,,,
psy,psy,history,,,,,
psyma,psyma,history,,,,,
rise_stop,是否涨停,history,,,,,
rsi1,rsi1,history,,,,,
rsi2,rsi2,history,,,,,
rsi3,rsi3,history,,,,,
tick_count,成交笔数,history,,,,,
vol_ratio,量比,history,,,,,
volume,成交量,history,,,成交量,0,
administration_expense,管理费用,income,管理费用是指 企业行政管理部门为组织和管理生产经营活动而发生的各项费用。管理费用属于期间费用，在发生的当期就计入当期的损失或是利益。,,管理费用(元),1,管理费用(万元) income
asset_impairment_loss,资产减值损失,income,资产减值损失是指因资产的账面价值高于其可收回金额而造成的损失。 新会计准则规定资产减值范围主要是固定资产、无形资产以及除特别规定外的其他资产减值的处理。《资产减值》准则改变了固定资产、无形资产等的减值准备计提后可以转回的做法，资产减值损失一经确认，在以后会期间不得转回，消除了一些企业通过计提秘密准备来调节利润的可能，限制了利润的人为波动。资产减值损失在会计核算中属于损益类科目。,,资产减值损失(元),1,资产减值损失(万元) income
basic_eps,基本每股收益,income,理论算法：归属于普通股股东的当期净利润/(当期实际发行在外的普通股加权平均数=∑(发行在外普通股股数×发行在外月份数)／12),,基本每股收益(元),2,基本每股收益(元) indicator 基本每股收益 income
ci_minority_owners,归属于少数股东的综合收益总额,income,综合收益是指除所有者的出资额和各种为第三方或客户代收的款项以外的各种收入。根据美国财务会计准则委员会（FASB）1980年在第3号财务会计概念公告(SFAC3）（企业财务报表的要素）（后为1985年发布的SFAC6所取代）的解释，综合收益是指“一个主体在某一期间与非业主方面进行交易或发生其他事项和情况所引起的权益（净资产）变动。它包括这一期间内除业主投资和派给业主款外，一切权益上的变动。”,,归属于少数股东的综合收益总额(元),0,
ci_parent_company_owners,归属于母公司所有者的综合收益总额,income,综合收益是指除所有者的出资额和各种为第三方或客户代收的款项以外的各种收入。根据美国财务会计准则委员会（FASB）1980年在第3号财务会计概念公告(SFAC3）（企业财务报表的要素）（后为1985年发布的SFAC6所取代）的解释，综合收益是指“一个主体在某一期间与非业主方面进行交易或发生其他事项和情况所引起的权益（净资产）变动。它包括这一期间内除业主投资和派给业主款外，一切权益上的变动。”,,归属于母公司所有者的综合收益总额(元),0,
commission_expense,手续费及佣金支出,income,手续费及佣金支出，本科目主要核算企业（金融）发生的与其经营活动相关的各项手续费、佣金等支出。,,手续费及佣金支出(元),1,手续费及佣金支出(万元) income
commission_income,手续费及佣金收入,income,手续费及佣金收入是指公司为客户办理各种业务收取的手续费及佣金收入，包括办理咨询业务、担保业务、代保管等代理业务以及办理投资业务等取得的手续费及佣金，如业务代办手续费收入、咨询服务收入、担保收入、资产管理收入、代保管收入，代理买卖证券、代理承销证券、代理兑付证券、代理保管证券等代理业务以及其他相关服务实现的手续费及佣金收入等。,,手续费及佣金收入(元),1,手续费及佣金收入(万元) income
diluted_eps,稀释每股收益,income,理论算法：归属于普通股股东的当期净利润(扣除当期已确认为费用的稀释性潜在普通股的利息、稀释性潜在普通股转换时将产生的收益或费用、相关所得税的影响)/假设稀释性潜在普通股于当期期初(或发行日)已经全部转换为普通股，于此计算的普通股股数的加权平均数。,,稀释每股收益(元),1,稀释每股收益 income
disposal_loss_non_current_liability,非流动资产处置损失,income,“非流动资产处置损失”属于损益类的科目，在编制利润表时这些科目如果有本期发生额，要填在利润表中。“非流动资产处置损失”是营业外支出的明细科目，在损益表中计入“营业外支出”，“营业外支出”下方会单独列示“非流动资产处置损失”，但是包括在“营业外支出”项目中。,,非流动资产处置净损失(元),1,非流动资产处置损失(万元) income
exchange_income,汇兑收益,income,汇兑收益，是指用记账本位币，按照不同的汇率报告相同数量的外币而产生的差额。简单地说，就是公司的外币货币性项目和非货币性项目因汇率变动，在折算成本币时造成损益。而这部分汇兑差额作为财务费用，计入当期损益，从而影响公司利润。,,汇兑收益(元),1,汇兑收益(万元) income
fair_value_variable_income,公允价值变动收益,income,“公允价值变动收益” 这个科目，是“以公允价值计量且其变动计入当期损益的交易性金融资产”的一个科目。在资产负债表日，“交易性金融资产”的公允价值高于其账面价值的差额，应借记“交易性金融资产－公允价值变动”，贷记“公允价值变动损益”，公允价值低于其账面价值的差额，则做相反的分录。,,公允价值变动收益(元),1,公允价值变动收益(万元) income
financial_expense,财务费用,income,财务费用指企业在生产经营过程中为筹集资金而发生的筹资费用。包括企业生产经营期间发生的利息支出（减利息收入）、汇兑损益（有的企业如商品流通企业、保险企业进行单独核算，不包括在财务费用）、金融机构手续费，企业发生的现金折扣或收到的现金折扣等。但在企业筹建期间发生的利息支出，应计入开办费；为购建或生产满足资本化条件的资产发生的应予以资本化的借款费用，在“在建工程”、“制造费用”等账户核算。,,财务费用(元),2, 财务费用(万元) cash_flow 财务费用(万元) income
futures_profit_losss,期货损益,income,,,期货损益(万元),1,期货损益(万元) income
income_tax_expense,所得税费用,income,所得税费用是指企业经营利润应交纳的所得税。“所得税费用”，核算企业负担的所得税，是损益类科目；这一般不等于当期应交所得税，因为可能存在“暂时性差异”。如果只有永久性差异，则等于当期应交所得税。,,所得税费用(元),1,得税费用(万元) income
interest_expense,利息支出,income,利息支出是指临时借款的利息支出。在以收付实现制作为记帐基础的前提条件下，所谓支出应以实际支付为标准，即资金流出，标志着现金、银行存款的减少。就利息支出而言、给个人帐户计息，其资金并没有流出，现金、银行存款并没有减少，因此，给个人计息不应作为利息支出列支。,,利息支出(元),1,利息支出(万元) income
interest_income,利息收入,income,利息收入是指纳税人购买各种债券等有价证券的利息，外单位欠款付给的利息以及其他利息收入。包括：购买各种债券等有价证券的利息，如购买国库券，重点企业建设债券、国家保值公债以及政府部门和企业发放的各类有价证券；企业各项存款所取得的利息外单位欠本企业款而取得的利息；其他利息收入等。,,利息收入(元),1,利息收入(万元) income
invest_income_associates,对联营企业和合营企业的投资收益,income,持有的对联营企业及合营企业的投资，按照《企业会计准则第2号――长期股权投资》的规定，应当采用权益法核算，在按持股比例等计算确认应享有或应分担被投资单位的净损益时，应当考虑以下因素：投资企业与联营企业及合营企业之间发生的内部交易损益按照持股比例计算归属于投资企业的部分，应当予以抵销，在此基础上确认投资损益。投资企业与被投资单位发生的内部交易损失，按照《企业会计准则第8号―――资产减值》等规定属于资产减值损失的，应当全额确认。投资企业对于纳入其合并范围的子公司与其联营企业及合营企业之间发生的内部交易损益，也应当按照上述原则进行抵销，在此基础上确认投资损益。投资企业对于首次执行日之前已经持有的对联营企业及合营企业的长期股权投资，如存在与该投资相关的股权投资借方差额，还应扣除按原剩余期限直线摊销的股权投资借方差额，确认投资损益。投资企业在被投资单位宣告发放现金股利或利润时，按照规定计算应分得的部分确认应收股利，同时冲减长期股权投资的账面价值。,,对联营企业和合营企业的投资收益(元),1,对联营企业和合营企业投资收益(万元) income
investment_income,投资收益,income,投资收益是对外投资所取得的利润、股利和债券利息等收入减去投资损失后的净收益。严格地讲，所谓投资收益是指以项目为边界的货币收入等。,,投资收益(元),2,投资收益(万元) indicator 投资收益(万元) income
minority_profit,少数股东损益,income,少数股东损益是一个流量概念，是指公司合并报表的子公司其它非控股股东享有的损益，需要在利润表中予以扣除。利润表的“净利润”项下可以分“归属于母公司所有者的净利润”和“少数股东损益”。其对应的存量概念是“少数股东权益”。,,少数股东损益(元),2, 少数股东损益(万元) cash_flow 少数股东损益(万元) income
net_pay_insurance_claims,赔付支出净额,income,赔付支出主要指核算企业（保险）支付的原保险合同赔付款项和再保险合同赔付款项。企业（保险）可以单独设置“赔款支出”、“满期给付”、“年金给付”、“死伤医疗给付”、“分保赔付支出”等科目。可按保险合同和险种进行明细核算。,,赔付支出净额(元),1,赔付支出净额(万元) income
net_profit,净利润,income,净利润（收益）是指在利润总额中按规定交纳了所得税后公司的利润留成，一般也称为税后利润或净利润。净利润的计算公式为：净利润=利润总额-所得税费用.净利润是一个企业经营的最终成果，净利润多，企业的经营效益就好；净利润少，企业的经营效益就差，它是衡量一个企业经营效益的主要指标。,,净利润(元),3,净利润(万元) indicator  净利润(万元) cash_flow 净利润(万元) income
non_operating_expense,营业外支出,income,营业外支出是企业发生的与其日常活动无直接关系的各项损失，主要包括非流动资产处置损失、公益性捐赠支出、盘亏损失、非常损失、罚款支出等。,,营业外支出(元),1,营业外支出(万元) income
non_operating_revenue,营业外收入,income,营业外收入是指企业确认与企业生产经营活动没有直接关系的各种收入。,,营业外收入(元),1,营业外收入(万元) income
np_parent_company_owners,归属于母公司所有者的净利润,income,准确来讲应称之为“归属于上市公司股东的净利润”，这是因为净利润都归属于股东，只是在合并报表中的净利润有一部分是归属于子公司的其它股东的，这些子公司的其它股东也依法按比例享有子公司的净利润。,,归属于母公司股东的净利润(元),1,归属于母公司股东净利润(万元) income
operating_cost,营业成本,income,营业成本，也称运营成本。是指企业所销售商品或者提供劳务的成本。营业成本应当与所销售商品或者所提供劳务而取得的收入进行配比。,,营业成本(元),1,营业成本(万元) income
operating_profit,营业利润,income,营业利润是企业最基本经营活动的成果，也是企业一定时期获得利润中最主要、最稳定的来源。2006年财政部颁布的新企业会计准则-30号财务报表列报中已对营业利润进行了调整，将投资收益调入营业利润，同时取消了主营业务利润和其他业务利润的提法，补贴收入被并入营业外收入，营业利润减营业外收支调整即得到利润总额。,,营业利润(元),2,营业利润(万元) indicator 营业利润(万元) income
operating_revenue,营业收入,income,每股营业收入=营业收入／期末总股本,,营业收入(元),1,营业收入(万元) income
operating_tax_surcharges,营业税金及附加,income,反映企业经营主要业务应负担的营业税、消费税、城市维护建设税、资源税和教育费附加等。填报此项指标时应注意，实行新税制后，会计上规定应交增值税不再计入“主营业务税金及附加”项，无论是一般纳税企业还是小规模纳税企业均应在“应交增值税明细表”中单独反映。根据企业会计“利润表”中对应指标的本年累计数填列。,,营业税金及附加(元),1,营业税金及附加(万元) income
other_composite_income,其他综合收益,income,其他综合收益是指企业根据企业会计准则规定未在损益中确认的各项利得和损失扣除所得税影响后的净额。企业在计算利润表中的其他综合收益时，应当扣除所得税影响；在计算合并利润表中的其他综合收益时，除了扣除所得税影响以外，还需要分别计算归属于母公司所有者的其他综合收益和归属于少数股东的其他综合收益。,,其他综合收益(元),0,
other_cost,其他业务成本,income,,,其他业务成本(万元),1,其他业务成本(万元) income
other_income,其他业务收入,income,,,其他业务收入(万元),1,其他业务收入(万元) income
other_profit,其他业务利润,income,,,其他业务利润(万元),1,其他业务利润(万元) income
policy_dividend_payout,保单红利支出,income,保单红利支出是根据原保险合同的约定，按照分红保险产品的红利分配方法及有关精算结果而估算，支付给保单持有人的红利。,,保单红利支出(元),1,保单红利支出(万元) income
premiums_earned,已赚保费,income,"已赚保费是指保险起期已经预先缴付的保险费,过去的保险期间的保费就成为已赚的保费。",,已赚保费(元),1,已赚保费(万元) income
rd_expense,研发费用,income,,,研发费用(万元),1,研发费用(万元) income
real_estate_sales_cost,房地产销售成本,income,,,房地产销售成本(万元),1,房地产销售成本(万元) income
real_estate_sales_income,房地产销售收入,income,,,房地产销售收入(万元),1,房地产销售收入(万元) income
refunded_premiums,退保金,income,退保金是指公司经营的长期人身保险业务中，投保人办理退保时，按保险条款规定支付给投保人的金额。,,退保金(元),1,退保金(万元) income
reinsurance_cost,分保费用,income,分保费用，是办理初保业务的保险公司向其他保险公司分保保险业务，在向对方支付分保费的同时，向对方收取的一定费用，用以弥补初保人的费用支出。,,分保费用(元),1,分保费用(万元) income
sale_expense,销售费用,income,销售费用是指企业在销售产品、自制半成品和提供劳务等过程中发生的各项费用。包括由企业负担的包装费、运输费、广告费、装卸费、保险费、委托代销手续费、展览费、租赁费（不含融资租赁费)和销售服务费、销售部门人员工资、职工福利费、差旅费、折旧费、修理费、物料消耗、低值易耗品摊销以及其他经费等。与销售有关的差旅费应计入销售费用。,,销售费用(元),1,销售费用(万元) income
subsidy_income,补贴收入,income,,,补贴收入(万元),1,补贴收入(万元) income
total_composite_income,综合收益总额,income,综合收益总额项目，反映企业净利润与其他综合收益的合计金额。综合收益，包括其他综合收益和综合收益总额。其中，其他综合收益反映企业根据企业会计准则规定未在损益中确认的各项利得和损失扣除所得税影响后的净额；综合收益总额是企业净利润与其他综合收益的合计金额。,,综合收益总额(元),0,
total_operating_cost,营业总成本,income,营业总成本=主营业务成本+其他业务成本+利息支出+手续费及佣金支出+退保金+赔付支出净额+提取保险合同准备金净额+保单红利支出+分保费用+营业税金及附加+销售费用+管理费用+财务费用+资产减值损失+其他,,营业总成本(元),1,营业总成本(万元) income
total_operating_revenue,营业总收入,income,每股营业总收入=营业总收入／期末总股本。旧准则：营业总收入=主营业务收入 ；新准则：(一般企业)营业总收入=营业收入+利息收入+已赚保费+手续费及佣金收入(银行、保险、证券),,营业总收入(元),1,营业总收入(万元) income
total_profit,利润总额,income,利润总额指企业在生产经营过程中各种收入扣除各种耗费后的盈余，反映企业在报告期内实现的盈亏总额。,,利润总额(元),2,利润总额(万元) indicator 利润总额(万元) income
trust_income,托管收益,income,,,托管收益(万元),1,托管收益(万元) income
withdraw_insurance_contract_reserve,提取保险合同准备金净额,income,保险准备金是指保险人为保证其如约履行保险赔偿或给付义务，根据政府有关法律规定或业务特定需要，从保费收入或盈余中提取的与其所承担的保险责任相对应的一定数量的基金。,,提取保险合同准备金净额(元),1,提取保险合同准备金净额(万元) income
np_rate_merged_part,被合并方在合并前实现净利润,income ,,,被合并方在合并前实现净利润(万元),1,被合并方在合并前实现净利润(万元) income
adjusted_profit,扣除非经常损益后的净利润,indicator,非经常性损益这一概念是证监会在1999年首次提出的，当时将其定义为：公司正常经营损益之外的一次性或偶发性损益。《问答第1号》则指出：非经常性损益是公司发生的与经营业务无直接关系的收支；以及虽与经营业务相关，但由于其性质、金额或发生频率等方面的原因，影响了真实公允地反映公司正常盈利能力的各项收入。,,扣除非经常损益后的净利润(元),0,
adjusted_profit_to_profit,扣除非经常损益后的净利润/净利润,indicator,扣除非经常损益后的净利润/净利润(%),,扣除非经常损益后的净利润/净利润(%),0,
adjusted_roe,净资产收益率(扣除非经常损益),indicator,扣除非经常损益后的净利润（不含少数股东损益）*2/（期初归属于母公司股东的净资产+期末归属于母公司股东的净资产）,,净资产收益率(扣除非经常损益)(%),0,
eps,每股收益EPS,indicator,理论算法：分子=归属于普通股股东的当期净利润；分母=当期实际发行在外的普通股加权平均数=∑(发行在外普通股股数×发行在外月份数)／12计；算值=分子／分母,,每股收益EPS(元),0,
expense_to_total_revenue,营业总成本/营业总收入,indicator,营业总成本/营业总收入(%),,营业总成本/营业总收入(%),0,
financing_expense_to_total_revenue,财务费用/营业总收入,indicator,财务费用/营业总收入(%),,财务费用/营业总收入(%),0,
ga_expense_to_total_revenue,管理费用/营业总收入,indicator,管理费用/营业总收入(%),,管理费用/营业总收入(%),0,
goods_sale_and_service_to_revenue,销售商品提供劳务收到的现金/营业收入,indicator,销售商品提供劳务收到的现金/营业收入(%),,销售商品提供劳务收到的现金/营业收入(%),0,
gross_profit_margin,销售毛利率,indicator,毛利/营业收入,,销售毛利率(%),0,
inc_net_profit_annual,净利润环比增长率,indicator,环比增长率=（本期的某个指标的值-上一期这个指标的值）/上一期这个指标的值*100%。,,净利润环比增长率(%),0,
inc_net_profit_to_shareholders_annual,归属母公司股东的净利润环比增长率,indicator,环比增长率=（本期的某个指标的值-上一期这个指标的值）/上一期这个指标的值*100%。,,归属母公司股东的净利润环比增长率(%),0,
inc_net_profit_to_shareholders_year_on_year,归属母公司股东的净利润同比增长率,indicator,归属于母公司股东净利润是指全部归属于母公司股东的净利润，包括母公司实现的净利润和下属子公司实现的净利润；同比增长率，一般是指和去年同期相比较的增长率。同比增长 和上一时期、上一年度或历史相比的增长（幅度）。,,归属母公司股东的净利润同比增长率(%),0,
inc_net_profit_year_on_year,净利润同比增长率,indicator,（当期的净利润-上月（上年）当期的净利润）/上月（上年）当期的净利润=净利润同比增长率。,,净利润同比增长率(%),0,
inc_operation_profit_annual,营业利润环比增长率,indicator,环比增长率=（本期的某个指标的值-上一期这个指标的值）/上一期这个指标的值*100%。,,营业利润环比增长率(%),0,
inc_operation_profit_year_on_year,营业利润同比增长率,indicator,同比增长率就是指公司当年期的净利润和上月同期、上年同期的净利润比较。（当期的利润-上月（上年）当期的利润）/上月（上年）当期的利润=利润同比增长率。,,营业利润同比增长率(%),0,
inc_revenue_annual,营业收入环比增长率,indicator,环比增长率=（本期的某个指标的值-上一期这个指标的值）/上一期这个指标的值*100%。,,营业收入环比增长率(%),0,
inc_revenue_year_on_year,营业收入同比增长率,indicator,"营业收入,是指公司在从事销售商品、提供劳务和让渡资产使用权等日常经营业务过程中所形成的经济利益的总流入，而营业收入同比增长率，则是检验上市公司去年一年挣钱能力是否提高的标准，营业收入同比增长,说明公司在上一年度挣钱的能力加强了，营业收入同比下降，则说明公司的挣钱能力稍逊于往年。",,营业收入同比增长率(%),0,
inc_total_revenue_annual,营业总收入环比增长率,indicator,营业收入是指企业在从事销售商品，提供劳务和让渡资产使用权等日常经营业务过程中所形成的经济利益的总流入。环比增长率=（本期的某个指标的值-上一期这个指标的值）/上一期这个指标的值*100%。,,营业总收入环比增长率(%),0,
inc_total_revenue_year_on_year,营业总收入同比增长率,indicator,营业总收入同比增长率是企业在一定期间内取得的营业总收入与其上年同期营业总收入的增长的百分比，以反映企业在此期间内营业总收入的增长或下降等情况。,,营业总收入同比增长率(%),0,
invesment_profit_to_profit,价值变动净收益/利润总额,indicator,价值变动净收益/利润总额(%),,价值变动净收益/利润总额(%),0,
nav,每股净资产,indicator,,,每股净资产(元),1,每股净资产(元) indicator
net_non_operating_income,营业外收支净额,indicator,,,营业外收支净额(万元),1,营业外收支净额(万元) indicator
net_profit_margin,销售净利率,indicator,净利润/营业收入,,销售净利率(%),0,
net_profit_to_total_revenue,净利润/营业总收入,indicator,净利润/营业总收入(%),,净利润/营业总收入(%),0,
ocf_to_operating_profit,经营活动产生的现金流量净额/经营活动净收益,indicator,经营活动产生的现金流量净额/经营活动净收益(%),,经营活动产生的现金流量净额/经营活动净收益(%),0,
ocf_to_revenue,经营活动产生的现金流量净额/营业收入,indicator,经营活动产生的现金流量净额/营业收入(%),,经营活动产生的现金流量净额/营业收入(%),0,
operating_expense_to_total_revenue,营业费用/营业总收入,indicator,营业费用/营业总收入(%),,营业费用/营业总收入(%),0,
operating_profit_to_profit,经营活动净收益/利润总额,indicator,经营活动净收益/利润总额(%),,经营活动净收益/利润总额(%),0,
operation_profit_to_total_revenue,营业利润/营业总收入,indicator,营业利润/营业总收入(%),,营业利润/营业总收入(%),0,
primary_profit,主营业务利润,indicator,,,主营业务利润(万元),1,主营业务利润(万元) indicator
primary_revenue,主营业务收入,indicator,,,主营业务收入(万元),1,主营业务收入(万元) indicator
roa,总资产净利率ROA,indicator,净利润*2/（期初总资产+期末总资产）,,总资产净利率ROA(%),0,
roe,净资产收益率,indicator,归属于母公司股东的净利润*2/（期初归属于母公司股东的净资产+期末归属于母公司股东的净资产）,,净资产收益率ROE(%),0,
value_change_profit,价值变动净收益,indicator,公允价值变动净收益+投资净收益+汇兑净收益,,价值变动净收益(元),0,
recurring_net_profit,净利润(扣除非经常性损益后),indicator ,,, 净利润(扣除非经常性损益后)(万元),1,净利润(扣除非经常性损益后)(万元) indicator
area,地域,normal,,,,,
category,概念,normal,,,,,
industry,行业,normal,,,,,
pubDate,发布日期,normal,公司发布财报的日期,,发布日期,0,
statDate,统计日期,normal,"财报统计的季度的最后一天, 比如2015-03-31, 2015-06-30",,统计日期,0,
asset_management_reserve,证券资产菅理业务风险准备,security_indicator,证券资产菅理业务风险准备,,证券资产菅理业务风险准备,0,
branch_risk_reserve,分支机构风险资本堆备,security_indicator,分支机构风险资本堆备,,分支机构风险资本堆备,0,
broker_risk_reserve,经纪业务风险堆备,security_indicator,经纪业务风险堆备,,经纪业务风险堆备,0,
margin_trading_reserve,融资融券业务风险资本准备,security_indicator,融资融券业务风险资本准备,,融资融券业务风险资本准备,0,
net_asset_to_debt,净资产/负债,security_indicator,净资产/负债,,净资产/负债,0,
net_assets,净资产,security_indicator,为公布的母公司净资本及相关风险控制指标之一。,,净资产,1,净资产收益率加权(%) indicator
net_capital_to_debt,净资本/负债,security_indicator,净资本/负债,,净资本/负债,0,
net_capital_to_net_asset,净资本/净资产,security_indicator,净资本/净资产,,净资本/净资产,0,
net_capital_to_reserve,净资本/各项风险准备之和,security_indicator,为公布的母公司净资本及相关风险控制指标之一。,,净资本/各项风险准备之和,0,
net_capital_to_sales_department_number,净资本/营业部家数,security_indicator,净资本/营业部家数,,净资本/营业部家数,0,
operational_risk_reserve,营运风险堆备,security_indicator,营运风险堆备,,营运风险堆备,0,
own_equity_derivatives_to_net_capital,自营权益类证券及证券衍生品/净资本,security_indicator,自营权益类证券及证券衍生品/净资本,,自营权益类证券及证券衍生品/净资本,0,
own_fixed_income_to_net_capital,自营固定收益类证券/净资本,security_indicator,自营固定收益类证券/净资本,,自营固定收益类证券/净资本,0,
own_security_risk_reserve,证券自营业务风险准备,security_indicator,证券自营业务风险准备,,证券自营业务风险准备,0,
own_security_to_net_capital,证券自营业务规模/净资本,security_indicator,证券自营业务规模/净资本,,证券自营业务规模/净资本,0,
own_stock_to_net_capital,自营股票规模/净资本,security_indicator,自营股票规模/净资本,,自营股票规模/净资本,0,
security_net_capital,净资本,security_indicator,净资本是衡量证券公司资本充足和资产流动性状况的一个综合性监管指标，是证券公司净资产中流动性较高、可快速变现的部分，它表明证券公司可随时用于变现以满足支付需要的资金数额。为公布的母公司净资本及相关风险控制指标之一。,,净资本,0,
security_underwriting_reserve,证券承消业务风险准备,security_indicator,证券承消业务风险准备,,证券承消业务风险准备,0,
capitalization,总股本,indicator,公司已发行的普通股股份总数(包含A股，B股和H股的总股本),,总股本(万股),0,
circulating_cap,流通股本,indicator,公司已发行的境内上市流通、以人民币兑换的股份总数(A股市场的流通股本),,流通股本(万股),0,
circulating_market_cap,流通市值,history,流通市值指在某特定时间内当时可交易的流通股股数乘以当时股价得出的流通股票总价值。,A股市场的收盘价*A股市场的流通股数,流通市值(亿元),0,
market_cap,总市值,history,总市值是指在某特定的时间内，交易所挂牌交易全部证券(以总股本计)按当时价格计算的证券总值,A股市场的收盘价*总股本(A股+B股+H股的股本),总市值(亿元),0,
pb_ratio,市净率,indicator,每股股价与每股净资产的比率,市净率=（股票在指定交易日期的收盘价*当日人民币外汇牌价*截至当日公司总股本）/归属母公司股东的权益。,市净率(PB),0,
pcf_ratio,市现率,indicator,每股市价为每股现金净流量的倍数,市现率=（股票在指定交易日期的收盘价*当日人民币外汇牌价*截至当日公司总股本）/现金及现金等价物净增加额TTM,"市现率(PCF, 现金净流量TTM)",0,
pe_ratio,市盈率TTM,indicator,每股市价为每股收益的倍数，反映投资人对每元净利润所愿支付的价格，用来估计股票的投资报酬和风险,市盈率（PE，TTM）=（股票在指定交易日期的收盘价*当日人民币外汇挂牌价*截止当日公司总股本）/归属于母公司股东的净利润TTM。,"市盈率(PE, TTM)",0,
pe_ratio_lyr,市盈率,indicator,以上一年度每股盈利计算的静态市盈率. 股价/最近年度报告EPS,市盈率（PE）=（股票在指定交易日期的收盘价*当日人民币外汇牌价*截至当日公司总股本）/归属母公司股东的净利润。,市盈率(PE),0,
ps_ratio,市销率,indicator,市销率为股票价格与每股销售收入之比，市销率越小，通常被认为投资价值越高。,市销率TTM=（股票在指定交易日期的收盘价*当日人民币外汇牌价*截至当日公司总股本）/营业总收入TTM,"市销率(PS, TTM)",0,
turnover_ratio,换手率,indicator,指在一定时间内市场中股票转手买卖的频率，是反映股票流通性强弱的指标之一。,换手率=[指定交易日成交量(手)*100/截至该日股票的自由流通股本(股)]*100%,换手率(%),0,
